method,bench,instance,seed,n_evals,best_score,anytime_mean_best_so_far,file
cats,lcbench,3945,0,1000,1.7669363021850586,7.156718421697617,cats_lcbench_inst3945_seed0.csv
catsplus,lcbench,3945,0,1000,1.2454043626785278,3.267400628566742,catsplus_lcbench_inst3945_seed0.csv
catsplus_v2,lcbench,3945,0,1000,1.1073517799377441,3.3000243080854417,catsplus_v2_lcbench_inst3945_seed0.csv
random,lcbench,3945,0,1000,4.51404333114624,6.690809138298035,random_lcbench_inst3945_seed0.csv
tpe,lcbench,3945,0,1000,1.3374394178390503,3.143885412693024,tpe_lcbench_inst3945_seed0.csv
cats,lcbench,3945,1,1000,1.8784939050674438,3.884257256746292,cats_lcbench_inst3945_seed1.csv
catsplus,lcbench,3945,1,1000,1.945428490638733,5.276924767851829,catsplus_lcbench_inst3945_seed1.csv
catsplus_v2,lcbench,3945,1,1000,0.9595378637313843,2.6691671624183653,catsplus_v2_lcbench_inst3945_seed1.csv
random,lcbench,3945,1,1000,3.7010669708251953,5.226642972946167,random_lcbench_inst3945_seed1.csv
tpe,lcbench,3945,1,1000,3.503052234649658,4.227178453922272,tpe_lcbench_inst3945_seed1.csv
cats,lcbench,3945,2,1000,1.355567455291748,3.2582849099636078,cats_lcbench_inst3945_seed2.csv
catsplus,lcbench,3945,2,1000,1.4685195684432983,5.302149356722832,catsplus_lcbench_inst3945_seed2.csv
catsplus_v2,lcbench,3945,2,1000,1.0473895072937012,2.949320560693741,catsplus_v2_lcbench_inst3945_seed2.csv
random,lcbench,3945,2,1000,4.449897766113281,7.662006297111511,random_lcbench_inst3945_seed2.csv
tpe,lcbench,3945,2,1000,3.5713813304901123,4.594158487081527,tpe_lcbench_inst3945_seed2.csv
cats,lcbench,7593,0,1000,5.2224345207214355,10.245924321174622,cats_lcbench_inst7593_seed0.csv
catsplus,lcbench,7593,0,1000,5.795561790466309,13.14195072078705,catsplus_lcbench_inst7593_seed0.csv
catsplus_v2,lcbench,7593,0,1000,2.2801015377044678,10.89815857553482,catsplus_v2_lcbench_inst7593_seed0.csv
random,lcbench,7593,0,1000,5.232195854187012,10.98545223236084,random_lcbench_inst7593_seed0.csv
tpe,lcbench,7593,0,1000,2.793266534805298,8.666430916309357,tpe_lcbench_inst7593_seed0.csv
cats,lcbench,7593,1,1000,3.9172098636627197,13.64265168261528,cats_lcbench_inst7593_seed1.csv
catsplus,lcbench,7593,1,1000,2.9048242568969727,13.669704543113708,catsplus_lcbench_inst7593_seed1.csv
catsplus_v2,lcbench,7593,1,1000,3.613215446472168,11.663603933095931,catsplus_v2_lcbench_inst7593_seed1.csv
random,lcbench,7593,1,1000,5.119243621826172,13.464766708374023,random_lcbench_inst7593_seed1.csv
tpe,lcbench,7593,1,1000,2.853228807449341,5.248905701637268,tpe_lcbench_inst7593_seed1.csv
cats,lcbench,7593,2,1000,5.820662498474121,11.81431712436676,cats_lcbench_inst7593_seed2.csv
catsplus,lcbench,7593,2,1000,3.92278790473938,8.383151134729385,catsplus_lcbench_inst7593_seed2.csv
catsplus_v2,lcbench,7593,2,1000,2.2508175373077393,9.600425065994262,catsplus_v2_lcbench_inst7593_seed2.csv
random,lcbench,7593,2,1000,8.219151496887207,15.237500825881957,random_lcbench_inst7593_seed2.csv
tpe,lcbench,7593,2,1000,2.1866719722747803,4.132471605300903,tpe_lcbench_inst7593_seed2.csv
cats,lcbench,34539,0,1000,0.8563470244407654,2.2359985051751137,cats_lcbench_inst34539_seed0.csv
catsplus,lcbench,34539,0,1000,0.9692991375923157,1.837542557299137,catsplus_lcbench_inst34539_seed0.csv
catsplus_v2,lcbench,34539,0,1000,0.5439856052398682,1.726505018055439,catsplus_v2_lcbench_inst34539_seed0.csv
random,lcbench,34539,0,1000,1.8045870065689087,2.6571077589988708,random_lcbench_inst34539_seed0.csv
tpe,lcbench,34539,0,1000,1.2635324001312256,2.5479248888492583,tpe_lcbench_inst34539_seed0.csv
cats,lcbench,34539,1,1000,1.2189093828201294,3.05304678606987,cats_lcbench_inst34539_seed1.csv
catsplus,lcbench,34539,1,1000,0.9985830187797546,2.8455872021913526,catsplus_lcbench_inst34539_seed1.csv
catsplus_v2,lcbench,34539,1,1000,0.5523524284362793,1.4852253553271293,catsplus_v2_lcbench_inst34539_seed1.csv
random,lcbench,34539,1,1000,1.9900516271591187,3.932667552232742,random_lcbench_inst34539_seed1.csv
tpe,lcbench,34539,1,1000,0.5872142314910889,1.5117147406935691,tpe_lcbench_inst34539_seed1.csv
cats,lcbench,34539,2,1000,0.7280557155609131,3.4277674448490143,cats_lcbench_inst34539_seed2.csv
catsplus,lcbench,34539,2,1000,0.7601285576820374,2.525798900663853,catsplus_lcbench_inst34539_seed2.csv
catsplus_v2,lcbench,34539,2,1000,0.5830308198928833,1.8672670699357987,catsplus_v2_lcbench_inst34539_seed2.csv
random,lcbench,34539,2,1000,2.55481219291687,4.243934456110001,random_lcbench_inst34539_seed2.csv
tpe,lcbench,34539,2,1000,0.8075405359268188,1.5159232306480408,tpe_lcbench_inst34539_seed2.csv
cats,lcbench,146212,0,1000,4.961668491363525,7.495189940452575,cats_lcbench_inst146212_seed0.csv
catsplus,lcbench,146212,0,1000,1.945428490638733,5.507129449248314,catsplus_lcbench_inst146212_seed0.csv
catsplus_v2,lcbench,146212,0,1000,3.5881149768829346,5.079243176460266,catsplus_v2_lcbench_inst146212_seed0.csv
random,lcbench,146212,0,1000,8.164767265319824,9.208157646179199,random_lcbench_inst146212_seed0.csv
tpe,lcbench,146212,0,1000,2.496244430541992,4.93853970170021,tpe_lcbench_inst146212_seed0.csv
cats,lcbench,146212,1,1000,2.1420488357543945,7.98257808303833,cats_lcbench_inst146212_seed1.csv
catsplus,lcbench,146212,1,1000,2.8950629234313965,4.796712269306183,catsplus_lcbench_inst146212_seed1.csv
catsplus_v2,lcbench,146212,1,1000,2.984309196472168,4.473517278671265,catsplus_v2_lcbench_inst146212_seed1.csv
random,lcbench,146212,1,1000,3.493290901184082,8.198050633907318,random_lcbench_inst146212_seed1.csv
tpe,lcbench,146212,1,1000,3.2896981239318848,4.616449070453644,tpe_lcbench_inst146212_seed1.csv
cats,lcbench,146212,2,1000,3.6508660316467285,6.674567597389221,cats_lcbench_inst146212_seed2.csv
catsplus,lcbench,146212,2,1000,3.735928773880005,5.169087505817413,catsplus_lcbench_inst146212_seed2.csv
catsplus_v2,lcbench,146212,2,1000,1.3723011016845703,2.846833853960037,catsplus_v2_lcbench_inst146212_seed2.csv
random,lcbench,146212,2,1000,5.686792850494385,6.331816421985626,random_lcbench_inst146212_seed2.csv
tpe,lcbench,146212,2,1000,3.063793897628784,4.4488825695514675,tpe_lcbench_inst146212_seed2.csv
cats,lcbench,168329,0,1000,1.577288269996643,4.232728447914123,cats_lcbench_inst168329_seed0.csv
catsplus,lcbench,168329,0,1000,1.606572151184082,2.787929940700531,catsplus_lcbench_inst168329_seed0.csv
catsplus_v2,lcbench,168329,0,1000,0.875869631767273,2.411340672492981,catsplus_v2_lcbench_inst168329_seed0.csv
random,lcbench,168329,0,1000,2.3986315727233887,3.8295074734687806,random_lcbench_inst168329_seed0.csv
tpe,lcbench,168329,0,1000,0.860530436038971,2.0330542407035828,tpe_lcbench_inst168329_seed0.csv
cats,lcbench,168329,1,1000,1.3695122003555298,3.385418862104416,cats_lcbench_inst168329_seed1.csv
catsplus,lcbench,168329,1,1000,1.0655176639556885,3.698298981666565,catsplus_lcbench_inst168329_seed1.csv
catsplus_v2,lcbench,168329,1,1000,0.9846383333206177,2.569065043926239,catsplus_v2_lcbench_inst168329_seed1.csv
random,lcbench,168329,1,1000,1.7223132848739624,5.055276493310928,random_lcbench_inst168329_seed1.csv
tpe,lcbench,168329,1,1000,1.1017738580703735,1.841654825925827,tpe_lcbench_inst168329_seed1.csv
cats,lcbench,168329,2,1000,1.5466099977493286,4.721953222632409,cats_lcbench_inst168329_seed2.csv
catsplus,lcbench,168329,2,1000,1.0766733884811401,4.054842783451081,catsplus_lcbench_inst168329_seed2.csv
catsplus_v2,lcbench,168329,2,1000,0.8702917098999023,2.6569055042862892,catsplus_v2_lcbench_inst168329_seed2.csv
random,lcbench,168329,2,1000,1.5940219163894653,4.6913557944297795,random_lcbench_inst168329_seed2.csv
tpe,lcbench,168329,2,1000,0.8926032781600952,1.4391534433364868,tpe_lcbench_inst168329_seed2.csv
